{
    "XL": {
        "name": "Vestas 7MW",
        "production": [0, 0, 0, 0, 100, 800, 2200, 3250, 4400, 5500, 6400, 6800, 7000, 7000, 7000, 7000, 7000, 7000, 7000, 7000, 7000, 7000, 7000, 7000, 7000],
        "initialcosts": 6720,
        "costs-per-kWh": 0.000015,
        "speed-addition": 3
    },

    "L": {
        "name": "Siemens 3.6MW",
        "production": [0, 0, 0, 0, 150, 300, 540, 820, 1180, 1590, 2175, 2800, 3290, 3490, 3580, 3600, 3600, 3600, 3600, 3600, 3600, 3600, 3600, 3600, 3600, 3600],
        "initialcosts": 4000,
        "costs-per-kWh": 0.000015,
        "speed-addition": 2.5
    },

    "M": {
        "name": "WES100",
        "production": [0, 0, 0, 1, 2.9, 6.0, 11, 17.7, 27.3, 39.2, 53.8, 68.4, 82.8, 89.1, 95.9, 98.7, 99.5, 100, 100, 100, 100, 100, 100, 100, 100],
        "initialcosts": 100,
        "costs-per-kWh": 0.000015,
        "speed-addition": 1.5
    },

    "S": {
        "name": "Atlas-X 7kW",
        "production": [0, 0, 0.013, 0.03, 0.256, 0.482, 0.752, 1.176, 1.694, 2.765, 3.710, 4.372, 5.327, 6.153, 6.762, 7.032, 7.032, 7.032, 7.032],
        "initialcosts": 2,
        "costs-per-kWh": 0.000015,
        "speed-addition": 0
    }
}